NodeID;Quantity;0;0;0;0;1;1;1;1;2;2;2;2;3;3;3;3;4;4;4;4;5;5;5;5;6;6;6;6;7;7;7;7;8;8;8;8;9;9;9;9;10;10;10;10;11;11;11;11;12;12;12;12;13;13;13;13;14;14;14;14;15;15;15;15;16;16;16;16;17;17;17;17;18;18;18;18;19;19;19;19;20;20;20;20;21;21;21;21;22;22;22;22;23;23;23;23
6;P;0,6569436;0,6204125;0,6338896;0,496334;0,5821793;0,5304084;0,5481194;0,5152654;0,5152654;0,5152654;0,5172805;0,517799;0,6365486;0,6894832;0,5745693;0,5171124;0,5117406;0,482054;0,482054;0,4809732;0,4652168;0,4740244;0,4654687;0,4568089;0,4498158;0,4670774;0,589877;0,589877;0,6104752;0,6192271;0,6192271;0,6804485;0,7868414;0,7868414;0,7822068;0,7825605;0,7825605;0,7825605;0,7825605;0,7825605;0,7825605;0,828943;0,8924729;0,8818427;0,880054;0,8791044;0,8921332;0,8921332;0,8921332;0,8921332;0,8231944;0,7596002;0,7596002;0,7596002;0,7596002;0,7596002;0,7581244;0,7572428;0,7560112;0,7572428;0,5790463;0,7222931;0,6270281;0,7222931;0,7222931;0,6001361;0,6106669;0,7167729;0,7078734;0,5722741;0,7222931;0,7222931;0,7222931;0,7222931;0,7222931;0,7203778;0,7506096;0,7187294;0,7462016;0,7218197;0,7750435;0,7914945;0,8202246;0,7829328;0,8740987;0,9277205;0,8493237;0,8498058;0,755864;0,7627302;0,7604589;0,7235904;0,7222931;0,7222931;0,7222931;0,7222931
6;Q;0,1970831;0,1861238;0,1901669;0,1489002;0,1746538;0,1591225;0,1644358;0,1545796;0,1545796;0,1545796;0,1551842;0,1553397;0,1909646;0,206845;0,1723708;0,1551337;0,1535222;0,1446162;0,1446162;0,144292;0,1395651;0,1422073;0,1396406;0,1370427;0,1349447;0,1401232;0,1769631;0,1769631;0,1831426;0,1857681;0,1857681;0,2041346;0,2360524;0,2360524;0,234662;0,2347682;0,2347682;0,2347682;0,2347682;0,2347682;0,2347682;0,2486829;0,2677419;0,2645528;0,2640162;0,2637313;0,26764;0,26764;0,26764;0,26764;0,2469583;0,22788;0,22788;0,22788;0,22788;0,22788;0,2274373;0,2271728;0,2268034;0,2271728;0,1737139;0,2166879;0,1881084;0,2166879;0,2166879;0,1800408;0,1832001;0,2150319;0,212362;0,1716822;0,2166879;0,2166879;0,2166879;0,2166879;0,2166879;0,2161133;0,2251829;0,2156188;0,2238605;0,2165459;0,2325131;0,2374483;0,2460674;0,2348798;0,2622296;0,2783161;0,2547971;0,2549417;0,2267592;0,2288191;0,2281377;0,2170771;0,2166879;0,2166879;0,2166879;0,2166879
5;P;-1,8448218;-1,9185481;-1,9185481;-1,9185481;-1,9185481;-1,9185481;-1,9396384;-2,1198043;-2,1198043;-2,1198043;-2,1198043;-2,1198043;-2,1198043;-2,1198043;-2,1198043;-2,1198043;-2,1198043;-2,1198043;-2,1198043;-2,1198043;-2,1198043;-2,1198043;-2,1198043;-2,1198043;-2,1198043;-1,93801;-1,9196134;-1,739215;-1,7180193;-1,6427552;-1,5176428;-1,3526001;-1,315903;-1,315903;-1,315903;-1,315903;-1,315903;-1,1724224;-1,1158624;-0,95946;-0,9153793;-0,9153793;-0,9153793;-0,9153793;-0,9153793;-1,0528661;-1,1180569;-1,1180569;-1,1180569;-1,1180569;-1,1960547;-1,3184072;-1,3184072;-1,4877992;-1,5307347;-1,5307347;-1,5417834;-1,7315076;-1,7315076;-1,7315076;-1,7315076;-1,7315076;-1,7315076;-1,7315076;-1,7315076;-1,7315076;-1,7315076;-1,7315076;-1,7315076;-1,7315076;-1,7315076;-1,7315076;-1,5881924;-1,5313945;-1,4862907;-1,3305208;-1,3305208;-1,3305208;-1,3305208;-1,3305208;-1,3305208;-1,3305208;-1,3305208;-1,3305208;-1,3305208;-1,3305208;-1,3305208;-1,3305208;-1,3305208;-1,3305208;-1,499365;-1,5312301;-1,6907897;-1,732303;-1,7692435;-1,9334463
5;Q;-0,5534466;-0,5755644;-0,5755644;-0,5755644;-0,5755644;-0,5755644;-0,5818915;-0,6359413;-0,6359413;-0,6359413;-0,6359413;-0,6359413;-0,6359413;-0,6359413;-0,6359413;-0,6359413;-0,6359413;-0,6359413;-0,6359413;-0,6359413;-0,6359413;-0,6359413;-0,6359413;-0,6359413;-0,6359413;-0,581403;-0,575884;-0,5217645;-0,5154058;-0,4928266;-0,4552928;-0,40578;-0,3947709;-0,3947709;-0,3947709;-0,3947709;-0,3947709;-0,3517267;-0,3347587;-0,287838;-0,2746138;-0,2746138;-0,2746138;-0,2746138;-0,2746138;-0,3158598;-0,3354171;-0,3354171;-0,3354171;-0,3354171;-0,3588164;-0,3955222;-0,3955222;-0,4463398;-0,4592204;-0,4592204;-0,462535;-0,5194523;-0,5194523;-0,5194523;-0,5194523;-0,5194523;-0,5194523;-0,5194523;-0,5194523;-0,5194523;-0,5194523;-0,5194523;-0,5194523;-0,5194523;-0,5194523;-0,5194523;-0,4764577;-0,4594184;-0,4458872;-0,3991562;-0,3991562;-0,3991562;-0,3991562;-0,3991562;-0,3991562;-0,3991562;-0,3991562;-0,3991562;-0,3991562;-0,3991562;-0,3991562;-0,3991562;-0,3991562;-0,3991562;-0,4498095;-0,459369;-0,5072369;-0,5196909;-0,5307731;-0,5800339
8;P;-0,0409835;0,0744407;0,0518816;-0,1650151;-1,3459548;-1,8234504;-1,7593945;-0,5294496;0,0680939;0,2236307;0,097463;0,0964681;0,1846154;0,1846154;0,2408933;0,2012317;0,1951648;0,1951648;0,1951648;0,2075297;0,2394075;0,2591422;0,3745055;0,7136479;0,7490109;0,7490109;0,5992924;0,583991;0,5591208;0,5591208;0,433836;0,3586813;0,3586813;0,3586813;0,2478593;0,2018504;0,1740659;0,1740659;0,1740659;0,1740659;0,1740659;0,1740659;0,1740659;0,1740659;0,1740659;0,1740659;0,153276;0,0792547;0,1740659;0,1740659;0,1740659;0,2406136;-0,30697;-1,3821156;0,1896412;0,4621166;0,5040715;0,4905494;0,4964778;0,4639278;0,3711196;0,3036231;0,2509434;0,1646957;0,1763241;0,2869492;0,300471;0,2508687;0,2020053;0,1620461;0,1822554;0,1160262;0,1414054;0,0724385;-0,0233841;-0,0907337;-0,1224119;-0,145478;-0,1404098;-0,1405398;-0,1645772;-0,152967;-0,3253937;-0,4050997;-0,4359264;-0,48;-0,48;-0,4975284;-0,4656172;-0,4536264;-0,4260667;-0,4566299;-0,2648522;-0,4637925;-1,3044964;-2,0024812
8;Q;-0,0122951;0,0223322;0,0155645;-0,0495045;-0,4037864;-0,5470351;-0,5278184;-0,1588349;0,0204282;0,0670892;0,0292389;0,0289404;0,0553846;0,0553846;0,072268;0,0603695;0,0585494;0,0585494;0,0585494;0,0622589;0,0718222;0,0777427;0,1123516;0,2140944;0,2247033;0,2247033;0,1797877;0,1751973;0,1677363;0,1677363;0,1301508;0,1076044;0,1076044;0,1076044;0,0743578;0,0605551;0,0522198;0,0522198;0,0522198;0,0522198;0,0522198;0,0522198;0,0522198;0,0522198;0,0522198;0,0522198;0,0459828;0,0237764;0,0522198;0,0522198;0,0522198;0,0721841;-0,092091;-0,4146347;0,0568924;0,138635;0,1512214;0,1471648;0,1489433;0,1391784;0,1113359;0,0910869;0,075283;0,0494087;0,0528972;0,0860848;0,0901413;0,0752606;0,0606016;0,0486138;0,0546766;0,0348079;0,0424216;0,0217315;-0,0070152;-0,0272201;-0,0367236;-0,0436434;-0,0421229;-0,0421619;-0,0493732;-0,0458901;-0,0976181;-0,1215299;-0,1307779;-0,144;-0,144;-0,1492585;-0,1396851;-0,1360879;-0,12782;-0,136989;-0,0794556;-0,1391378;-0,3913489;-0,6007444
9;P;2,2078124;1,9743562;1,7859375;1,7859375;1,7859375;1,7859375;1,7859375;1,7859375;1,7859375;1,7859375;1,7859375;1,7859375;1,7859375;1,7859375;1,7859375;1,7859375;1,7859375;1,7859375;1,627614;1,3640625;1,3640625;1,3640625;1,3640625;1,3640625;1,3640625;1,3640625;1,3864814;1,7859375;1,7859375;1,7859375;1,7859375;1,7859375;1,9573666;2,19375;2,19375;2,19375;2,19375;2,19375;2,600577;2,6015626;2,6015626;2,6015626;2,6015626;2,6015626;2,8118003;3,009375;3,009375;3,009375;3,009375;3,009375;3,009375;2,9681779;2,6015626;2,6015626;2,6015626;2,6015626;2,4260984;2,19375;2,19375;2,19375;2,19375;2,19375;2,19375;2,19375;2,19375;2,19375;2,19375;2,19375;2,19375;2,19375;2,19375;2,19375;2,19375;2,19375;2,19375;2,19375;2,19375;2,19375;2,19375;2,19375;2,19375;2,19375;2,19375;2,4499999;2,615625;2,615625;2,615625;2,615625;2,615625;2,615625;2,615625;2,615625;2,5350004;2,2078124;2,2078124;2,2078124
9;Q;0,196875;0,196875;0,196875;0,196875;0,196875;0,196875;0,196875;0,196875;0,196875;0,196875;0,196875;0,196875;0,196875;0,196875;0,196875;0,196875;0,196875;0,196875;0,196875;0,196875;0,196875;0,196875;0,196875;0,196875;0,196875;0,196875;0,196875;0,196875;0,196875;0,196875;0,196875;0,196875;0,196875;0,196875;0,196875;0,196875;0,196875;0,196875;0,196875;0,196875;0,196875;0,196875;0,196875;0,196875;0,196875;0,196875;0,196875;0,196875;0,196875;0,196875;0,196875;0,196875;0,196875;0,196875;0,196875;0,196875;0,196875;0,196875;0,196875;0,196875;0,196875;0,196875;0,196875;0,196875;0,196875;0,196875;0,196875;0,196875;0,196875;0,196875;0,196875;0,196875;0,196875;0,196875;0,196875;0,196875;0,196875;0,196875;0,196875;0,196875;0,196875;0,196875;0,196875;0,196875;0,196875;0,196875;0,196875;0,196875;0,196875;0,196875;0,196875;0,196875;0,196875;0,196875;0,196875;0,196875
2;P;1,8024864;1,734926;1,7039115;1,6356091;1,5821935;1,5361861;1,5000048;1,4830958;1,4595141;1,4625045;1,4696727;1,4571319;1,3841429;1,4015249;1,3902698;1,377526;1,3709977;1,3758037;1,3783932;1,3864608;1,3693291;1,2953116;1,2815298;1,3330878;1,3860531;1,4397519;1,4739968;1,5424628;1,6587828;1,7368678;1,9090939;2,0508556;2,1418808;2,2086251;2,2974772;2,4182186;2,4855382;2,5154114;2,5707791;2,6063061;2,6647086;2,6609874;2,7049658;2,6765833;2,8022959;2,7922637;2,7716289;2,7308004;2,7124655;2,6885047;2,6086035;2,4758794;2,3754411;2,2972624;2,2390985;2,1839976;2,1680396;2,1343341;2,0992444;2,0055718;2,0114741;1,971367;1,9872288;1,93636;1,9474312;1,90834;1,9199989;1,9451637;1,9559777;1,9204861;1,9930015;2,0710969;2,0870023;2,0916095;2,1518922;2,1822848;2,1968014;2,1656964;2,2104197;2,1959517;2,3263242;2,3314555;2,4808593;2,6160026;2,6937292;2,6784382;2,6524823;2,5715322;2,4954822;2,5055902;2,4394944;2,3415253;2,1018362;2,0235415;1,845108;1,7948786
2;Q;0,5407459;0,5204778;0,5111735;0,4906827;0,474658;0,4608558;0,4500014;0,4449287;0,4378542;0,4387514;0,4409018;0,4371396;0,4152429;0,4204575;0,4170809;0,4132578;0,4112993;0,4127411;0,413518;0,4159382;0,4107987;0,3885935;0,3844589;0,3999263;0,4158159;0,4319256;0,442199;0,4627388;0,4976349;0,5210603;0,5727282;0,6152567;0,6425642;0,6625875;0,6892432;0,7254656;0,7456615;0,7546234;0,7712337;0,7818918;0,7994126;0,7982962;0,8114897;0,802975;0,8406888;0,8376791;0,8314887;0,8192401;0,8137397;0,8065514;0,782581;0,7427638;0,7126323;0,6891787;0,6717296;0,6551993;0,6504119;0,6403002;0,6297733;0,6016716;0,6034422;0,5914101;0,5961686;0,580908;0,5842294;0,572502;0,5759997;0,5835491;0,5867933;0,5761458;0,5979004;0,6213291;0,6261007;0,6274828;0,6455677;0,6546854;0,6590404;0,6497089;0,6631259;0,6587855;0,6978973;0,6994366;0,7442578;0,7848008;0,8081187;0,8035315;0,7957447;0,7714597;0,7486447;0,7516771;0,7318483;0,7024576;0,6305509;0,6070624;0,5535324;0,5384636
12;P;0,4226687;0,3886049;0,4325747;0,4394113;0,4394113;0,4394113;0,423601;0,4084416;0,4828707;0,4918318;0,5065074;0,4884186;0,4719728;0,4719728;0,4664927;0,4089845;0,4921547;0,5041922;0,5041922;0,4797972;0,4328827;0,4336169;0,4474972;0,4735274;0,4807933;0,3769416;0,3832882;0,3704654;0,3704654;0,3704654;0,3704654;0,3704654;0,4468595;0,4878655;0,5331233;0,538295;0,5762098;0,596191;0,6053014;0,6618578;0,6989248;0,6800004;0,6554809;0,6405886;0,6330061;0,6330061;0,6380696;0,6377922;0,6508327;0,6135993;0,5677052;0,541465;0,5213799;0,435807;0,451028;0,4435764;0,4623928;0,4051889;0,4249008;0,4383327;0,4383327;0,3794869;0,4381485;0,3462655;0,402781;0,3738658;0,4432531;0,4377617;0,3730778;0,4021233;0,4567508;0,4591083;0,4591658;0,4624709;0,500131;0,5109202;0,5065074;0,5934954;0,6034485;0,5994356;0,6083453;0,6823137;0,7149737;0,7846404;0,8498671;0,8679351;0,8679351;0,8359842;0,7955238;0,8141595;0,7069294;0,6776946;0,5144626;0,469418;0,469418;0,469418
12;Q;0,2536012;0,233163;0,2595448;0,2636468;0,2636468;0,2636468;0,2541606;0,245065;0,2897224;0,2950991;0,3039044;0,2930512;0,2831837;0,2831837;0,2798956;0,2453907;0,2952928;0,3025153;0,3025153;0,2878783;0,2597296;0,2601702;0,2684983;0,2841164;0,288476;0,226165;0,2299729;0,2222792;0,2222792;0,2222792;0,2222792;0,2222792;0,2681157;0,2927193;0,319874;0,322977;0,3457259;0,3577146;0,3631808;0,3971147;0,4193549;0,4080003;0,3932886;0,3843532;0,3798037;0,3798037;0,3828418;0,3826753;0,3904996;0,3681596;0,3406231;0,324879;0,3128279;0,2614842;0,2706168;0,2661459;0,2774357;0,2431133;0,2549405;0,2629996;0,2629996;0,2276922;0,2628891;0,2077593;0,2416686;0,2243195;0,2659519;0,262657;0,2238467;0,241274;0,2740505;0,275465;0,2754995;0,2774826;0,3000786;0,3065521;0,3039044;0,3560973;0,3620691;0,3596614;0,3650072;0,4093882;0,4289842;0,4707843;0,5099203;0,5207611;0,5207611;0,5015905;0,4773143;0,4884957;0,4241576;0,4066168;0,3086776;0,2816508;0,2816508;0,2816508
16;P;0,4895337;0,4895337;0,4895337;0,4895337;0,4895337;0,4895337;0,4895337;0,4895337;0,4895337;0,4895337;0,4895337;0,4895337;0,4895337;0,4895337;0,4895337;0,4895337;0,4895337;0,4895337;0,4895337;0,4895337;0,4895337;0,4895337;0,4895337;0,4895337;0,4895337;0,4895337;0,4895337;0,4895337;0,4895337;0,4895337;0,4895337;0,5325769;0,7186543;0,7186543;0,7186543;0,7186543;0,7186543;0,7186543;0,7186543;0,7186543;0,7186543;0,7186543;0,7186543;0,7186543;0,7186543;0,7186543;0,7186543;0,7186543;0,7186543;0,7186543;0,7186543;0,7186543;0,7186543;0,7186543;0,7186543;0,7186543;0,7186543;0,5855153;0,4849482;0,4849482;0,4849482;0,4849482;0,4849482;0,4849482;0,4849482;0,4849482;0,4849482;0,4849482;0,4849482;0,4849482;0,4849482;0,4849482;0,4849482;0,4849482;0,5855594;0,7318267;0,7318267;0,7318267;0,7318267;0,7318267;0,7318267;0,7318267;0,7318267;0,7318267;0,7318267;0,7318267;0,7318267;0,7318267;0,7318267;0,7318267;0,7318267;0,7316976;0,4630577;0,4630577;0,4630577;0,4630577
16;Q;0,1468601;0,1468601;0,1468601;0,1468601;0,1468601;0,1468601;0,1468601;0,1468601;0,1468601;0,1468601;0,1468601;0,1468601;0,1468601;0,1468601;0,1468601;0,1468601;0,1468601;0,1468601;0,1468601;0,1468601;0,1468601;0,1468601;0,1468601;0,1468601;0,1468601;0,1468601;0,1468601;0,1468601;0,1468601;0,1468601;0,1468601;0,1597731;0,2155963;0,2155963;0,2155963;0,2155963;0,2155963;0,2155963;0,2155963;0,2155963;0,2155963;0,2155963;0,2155963;0,2155963;0,2155963;0,2155963;0,2155963;0,2155963;0,2155963;0,2155963;0,2155963;0,2155963;0,2155963;0,2155963;0,2155963;0,2155963;0,2155963;0,1756546;0,1454845;0,1454845;0,1454845;0,1454845;0,1454845;0,1454845;0,1454845;0,1454845;0,1454845;0,1454845;0,1454845;0,1454845;0,1454845;0,1454845;0,1454845;0,1454845;0,1756678;0,219548;0,219548;0,219548;0,219548;0,219548;0,219548;0,219548;0,219548;0,219548;0,219548;0,219548;0,219548;0,219548;0,219548;0,219548;0,219548;0,2195093;0,1389173;0,1389173;0,1389173;0,1389173
21;P;0,6658391;0,6658391;0,6658391;0,6393062;0,5746442;0,6010664;0,6011366;0,5961349;0,5961349;0,5961349;0,5961349;0,5961349;0,5939024;0,5903242;0,5831628;0,5795821;0,5795821;0,5795821;0,5781856;0,575343;0,5644203;0,5417159;0,5419844;0,5419844;0,5419844;0,5419844;0,5419844;0,5419844;0,5670932;0,5803818;0,6203023;0,6226102;0,6551872;0,7514571;0,7642745;0,7950441;0,8180455;0,8202095;0,8233082;0,8316249;0,8266524;0,8303576;0,8808509;0,8920718;0,9694222;0,9470652;0,9555586;0,9555586;0,8979618;0,8797816;0,9211847;0,9232375;0,9031351;0,8341118;0,8386716;0,8535078;0,8449745;0,765086;0,7441237;0,7538471;0,7325646;0,7421351;0,7436998;0,7436998;0,7461687;0,7675703;0,7675703;0,7486767;0,6904626;0,7076565;0,7080755;0,746086;0,746086;0,746086;0,746086;0,746086;0,746086;0,746086;0,746086;0,7536534;0,7726391;0,8464642;0,8407139;0,9121549;0,9233321;0,924639;0,9241687;0,9173167;0,9173167;0,9173167;0,8798039;0,8647118;0,7777423;0,7665064;0,6767499;0,665142
21;Q;0,6658391;0,6658391;0,6658391;0,6393062;0,5746442;0,6010664;0,6011366;0,5961349;0,5961349;0,5961349;0,5961349;0,5961349;0,5939024;0,5903242;0,5831628;0,5795821;0,5795821;0,5795821;0,5781856;0,575343;0,5644203;0,5417159;0,5419844;0,5419844;0,5419844;0,5419844;0,5419844;0,5419844;0,5670932;0,5803818;0,6203023;0,6226102;0,6551872;0,7514571;0,7642745;0,7950441;0,8180455;0,8202095;0,8233082;0,8316249;0,8266524;0,8303576;0,8808509;0,8920718;0,9694222;0,9470652;0,9555586;0,9555586;0,8979618;0,8797816;0,9211847;0,9232375;0,9031351;0,8341118;0,8386716;0,8535078;0,8449745;0,765086;0,7441237;0,7538471;0,7325646;0,7421351;0,7436998;0,7436998;0,7461687;0,7675703;0,7675703;0,7486767;0,6904626;0,7076565;0,7080755;0,746086;0,746086;0,746086;0,746086;0,746086;0,746086;0,746086;0,746086;0,7536534;0,7726391;0,8464642;0,8407139;0,9121549;0,9233321;0,924639;0,9241687;0,9173167;0,9173167;0,9173167;0,8798039;0,8647118;0,7777423;0,7665064;0,6767499;0,665142
23;P;0,5326713;0,5326713;0,5326713;0,511445;0,4597153;0,4808531;0,4809093;0,4769079;0,4769079;0,4769079;0,4769079;0,4769079;0,4751219;0,4722594;0,4665302;0,4636656;0,4636656;0,4636656;0,4625485;0,4602744;0,4515362;0,4333727;0,4335875;0,4335875;0,4335875;0,4335875;0,4335875;0,4335875;0,4536746;0,4643055;0,4962419;0,4980882;0,5241498;0,6011656;0,6114196;0,6360353;0,6544364;0,6561676;0,6586465;0,6652999;0,6613219;0,6642861;0,7046807;0,7136574;0,7755377;0,7576522;0,7644469;0,7644469;0,7183694;0,7038252;0,7369477;0,73859;0,7225081;0,6672894;0,6709373;0,6828063;0,6759796;0,6120688;0,5952989;0,6030777;0,5860517;0,5937081;0,5949598;0,5949598;0,596935;0,6140563;0,6140563;0,5989414;0,5523701;0,5661252;0,5664604;0,5968688;0,5968688;0,5968688;0,5968688;0,5968688;0,5968688;0,5968688;0,5968688;0,6029227;0,6181112;0,6771714;0,6725711;0,7297239;0,7386656;0,7397112;0,739335;0,7338534;0,7338534;0,7338534;0,7038431;0,6917695;0,6221938;0,6132052;0,5413999;0,5321136
23;Q;-0,2042027;-0,2042027;-0,2042027;-0,2042027;-0,1975307;-0,2063242;-0,2022569;-0,2081813;-0,2081813;-0,2045907;-0,2045885;-0,2045885;-0,206197;-0,2088854;-0,197427;-0,1916979;-0,1916979;-0,1916979;-0,1916979;-0,1916979;-0,1916979;-0,1916979;-0,1916979;-0,1916979;-0,1916979;-0,1916979;-0,1916979;-0,1916979;-0,2067846;-0,221776;-0,221776;-0,221776;-0,221776;-0,1525942;-0,1315416;-0,1315416;-0,1554186;-0,1573229;-0,1573229;-0,1573229;-0,1573229;-0,1573229;-0,1573229;-0,1573229;-0,1573229;-0,1591705;-0,1616197;-0,1616197;-0,1552087;-0,154656;-0,1551272;-0,1461976;-0,1229479;-0,1229479;-0,1212206;-0,1143541;-0,1143541;-0,1143541;-0,1143541;-0,1143541;-0,1143541;-0,1143541;-0,1143541;-0,1143541;-0,1155149;-0,1272447;-0,1272447;-0,1272447;-0,1374628;-0,1616197;-0,1626857;-0,1745104;-0,1745104;-0,1745104;-0,1745104;-0,1745104;-0,1745104;-0,1745104;-0,1745104;-0,1745104;-0,1745104;-0,1745104;-0,1633266;-0,1303752;-0,118651;-0,118651;-0,118651;-0,118651;-0,118651;-0,118651;-0,151113;-0,153026;-0,153026;-0,153026;-0,153026;-0,153026
24;P;0,5326713;0,5326713;0,5326713;0,511445;0,4597153;0,4808531;0,4809093;0,4769079;0,4769079;0,4769079;0,4769079;0,4769079;0,4751219;0,4722594;0,4665302;0,4636656;0,4636656;0,4636656;0,4625485;0,4602744;0,4515362;0,4333727;0,4335875;0,4335875;0,4335875;0,4335875;0,4335875;0,4335875;0,4536746;0,4643055;0,4962419;0,4980882;0,5241498;0,6011656;0,6114196;0,6360353;0,6544364;0,6561676;0,6586465;0,6652999;0,6613219;0,6642861;0,7046807;0,7136574;0,7755377;0,7576522;0,7644469;0,7644469;0,7183694;0,7038252;0,7369477;0,73859;0,7225081;0,6672894;0,6709373;0,6828063;0,6759796;0,6120688;0,5952989;0,6030777;0,5860517;0,5937081;0,5949598;0,5949598;0,596935;0,6140563;0,6140563;0,5989414;0,5523701;0,5661252;0,5664604;0,5968688;0,5968688;0,5968688;0,5968688;0,5968688;0,5968688;0,5968688;0,5968688;0,6029227;0,6181112;0,6771714;0,6725711;0,7297239;0,7386656;0,7397112;0,739335;0,7338534;0,7338534;0,7338534;0,7038431;0,6917695;0,6221938;0,6132052;0,5413999;0,5321136
24;Q;-0,2042027;-0,2042027;-0,2042027;-0,2042027;-0,1975307;-0,2063242;-0,2022569;-0,2081813;-0,2081813;-0,2045907;-0,2045885;-0,2045885;-0,206197;-0,2088854;-0,197427;-0,1916979;-0,1916979;-0,1916979;-0,1916979;-0,1916979;-0,1916979;-0,1916979;-0,1916979;-0,1916979;-0,1916979;-0,1916979;-0,1916979;-0,1916979;-0,2067846;-0,221776;-0,221776;-0,221776;-0,221776;-0,1525942;-0,1315416;-0,1315416;-0,1554186;-0,1573229;-0,1573229;-0,1573229;-0,1573229;-0,1573229;-0,1573229;-0,1573229;-0,1573229;-0,1591705;-0,1616197;-0,1616197;-0,1552087;-0,154656;-0,1551272;-0,1461976;-0,1229479;-0,1229479;-0,1212206;-0,1143541;-0,1143541;-0,1143541;-0,1143541;-0,1143541;-0,1143541;-0,1143541;-0,1143541;-0,1143541;-0,1155149;-0,1272447;-0,1272447;-0,1272447;-0,1374628;-0,1616197;-0,1626857;-0,1745104;-0,1745104;-0,1745104;-0,1745104;-0,1745104;-0,1745104;-0,1745104;-0,1745104;-0,1745104;-0,1745104;-0,1745104;-0,1633266;-0,1303752;-0,118651;-0,118651;-0,118651;-0,118651;-0,118651;-0,118651;-0,151113;-0,153026;-0,153026;-0,153026;-0,153026;-0,153026
15;P;3,8759766;3,7917371;3,6486088;3,5316497;3,4729382;3,3267137;3,2031873;3,0918703;3,0502532;3,0051844;3,0638672;3,0638672;3,0697279;3,0684814;3,0414093;2,9207284;2,9340775;2,8499647;2,8156071;2,7892505;2,7514417;2,5030454;2,3950163;2,5393795;2,7735442;2,8840915;2,9369928;3,0966797;3,1811689;3,2949121;3,424044;3,4380544;3,5959464;3,7477344;3,8600577;3,6360352;3,7953999;3,8983787;3,963629;4,1341946;4,2085557;4,3420153;4,5654585;4,6343739;4,7477186;4,8100386;4,8691106;4,8664949;4,8264019;4,7553368;4,7072117;4,6353807;4,4058414;4,3105433;4,1790075;4,0509658;5,0947261;4,3950946;4,0727656;3,9619462;3,9397184;3,8985709;3,9768114;3,9076859;3,9360465;3,9401841;4,1416228;3,9820088;3,8206649;3,9117885;3,7604269;3,8155966;3,9786984;4,0610924;4,0859795;4,1843741;4,1219542;4,1348994;4,3246946;4,3468764;4,3867071;4,3832605;4,7648127;5,0163097;4,9696822;4,9116647;4,8509338;4,8214285;4,8550408;4,8331287;4,6669183;4,434597;4,4134903;4,9245815;4,1325057;3,6145759
15;Q;1,1351074;1,1351074;1,1416047;1,1486178;1,1351074;1,1351074;1,1351074;1,1071772;1,0712611;1,0055841;0,9782226;0,985563;0,9805807;0,9799265;1,0201589;1,0105224;1,0105224;0,9511538;0,9624728;0,9450507;0,9759044;0,7530699;0,6515935;0,6651191;0,7890381;0,7890381;0,7890381;0,6880094;0,7102955;0,7244385;0,7243124;0,7105957;0,7757394;0,864278;0,8927979;0,8549968;0,866686;0,9275207;0,9729656;0,9874512;0,9874512;0,9874512;1,0561132;1,0626106;1,162793;1,162793;1,162793;1,1363093;1,1212646;1,1244638;1,1351074;1,1038334;1,1028076;1,016258;1,0256736;1,0362753;1,0467657;1,118123;1,1703884;1,0867643;1,0826067;1,0673546;1,1361289;1,1557707;1,0975649;1,0612793;1,1497081;1,1699287;1,1273304;1,0008098;1,018946;1,1266462;1,1022614;1,1063154;1,1028076;1,1028076;1,1028076;1,1028076;1,1028076;1,1028076;1,1028076;1,0559553;1,2123145;1,2294936;1,2135498;1,2135498;1,2221551;1,17325;1,2694921;1,168337;1,1662499;1,2876672;1,1528352;1,1159943;1,071852;1,1775873
17;P;3,2577249;3,1316707;3,1238525;3,0545237;2,9162109;2,8516177;2,7185634;2,7131836;2,7131836;2,6023737;2,5101563;2,5101563;2,5101563;2,5101563;2,5101563;2,5101563;2,5101563;2,5101563;2,5101563;2,5101563;2,5101563;2,3919246;2,2240722;2,3104172;2,4270996;2,5662569;2,5397586;2,5837818;2,6238104;2,6598079;2,778356;2,8757026;3,0120797;3,1481359;3,2530518;3,4384873;3,4584725;3,5694767;3,6846389;3,7383381;3,8325872;3,908391;3,9796584;4,0548563;4,2066071;4,2536721;4,3634226;4,415004;4,3702121;4,3375328;4,2503674;4,297713;4,0663152;3,9922649;3,8238254;3,7183192;3,6609576;3,5945069;3,5619646;3,4447885;3,4750861;3,3868653;3,3868653;3,2720721;3,2329527;3,2882593;3,2108428;3,2675444;3,277053;3,3601152;3,305189;3,2807826;3,3104506;3,2228305;3,2732506;3,2718468;3,3462883;3,4330078;3,3667574;3,3860306;3,4224429;3,4860429;3,7484316;3,8975115;4,054307;4,0697753;4,0697753;4,0697753;4,0697753;4,0697753;3,9479164;3,8584205;3,6587063;3,5691737;3,3517985;3,1902367
17;Q;0,6321533;0,6321533;0,6321533;0,6321533;0,6321533;0,6321533;0,6321533;0,6321533;0,6321533;0,568198;0,5260254;0,5260254;0,4428644;0,4245117;0,4245117;0,4245117;0,4245117;0,4245117;0,4245117;0,4245117;0,4245117;0,3234416;0,179956;0,179956;0,179956;0,1993818;0,2865769;0,2199415;0,1937988;0,1937988;0,1937988;0,2642874;0,2953125;0,3627817;0,3968262;0,3968262;0,3968262;0,3968262;0,3968262;0,3968262;0,3968262;0,4063559;0,4108259;0,4060547;0,5215701;0,5260254;0,5586482;0,5260254;0,5260254;0,5260254;0,5335811;0,5548247;0,4492915;0,4152832;0,4152832;0,4152832;0,4152832;0,4152832;0,4152832;0,4152832;0,4152832;0,4152832;0,4152832;0,4152832;0,4152832;0,4152832;0,4152832;0,4152832;0,4152832;0,4152832;0,4152832;0,4152832;0,4152832;0,4152832;0,4152832;0,4152832;0,4152832;0,4152832;0,4152832;0,4152832;0,4152832;0,4152832;0,5622709;0,5813965;0,5813965;0,5813965;0,5813965;0,5813965;0,5813965;0,5813965;0,5813965;0,5813965;0,5813965;0,5813965;0,5813965;0,561913
19;P;3,4149449;3,5970433;3,6835024;3,5133736;3,6834639;3,7848482;3,6686502;3,5865803;3,7751678;3,8873366;3,7894229;3,6614741;3,6265949;3,7492398;3,910261;3,8915113;3,7911233;3,9311117;3,8382143;3,7903236;3,7296718;3,7960862;3,7233335;3,8836825;3,8644998;4,188114;3,7931718;3,6955284;3,8627839;3,6295938;3,450379;3,593262;3,691426;3,563563;3,7655443;3,7141675;3,7067518;3,6640842;3,7400427;3,7493883;3,9183623;3,9873329;3,9123784;3,9795561;3,9199486;3,934551;3,8740621;3,8726254;4,2495632;4,0782679;3,9771487;4,1057588;3,9991084;4,1233565;4,0478539;4,0338192;3,9413095;3,8626521;4,0853513;3,9704083;3,7177933;3,7521294;3,6753792;3,819127;3,6327721;3,9701082;3,7144705;3,7465173;3,853098;3,8908468;4,1467673;4,0289255;4,1375519;4,3305918;4,1630403;4,1065111;3,9109395;3,8815529;3,869344;3,5233748;3,5827816;3,4816136;3,6124715;3,5630931;3,544219;3,541497;3,3715127;3,4879186;1,7030137;0,9773116;0,4771371;0,5931859;0,8392482;1,9717798;1,7763288;2,278893
19;Q;1,0244835;1,079113;1,1050507;1,0540121;1,1050392;1,1354545;1,100595;1,0759741;1,1325503;1,166201;1,1368269;1,0984422;1,0879785;1,1247719;1,1730783;1,1674534;1,137337;1,1793335;1,1514643;1,1370971;1,1189016;1,1388259;1,117;1,1651047;1,1593499;1,2564342;1,1379515;1,1086585;1,1588352;1,0888782;1,0351137;1,0779786;1,1074278;1,0690689;1,1296633;1,1142502;1,1120255;1,0992253;1,1220128;1,1248165;1,1755087;1,1961999;1,1737135;1,1938668;1,1759846;1,1803653;1,1622186;1,1617876;1,274869;1,2234804;1,1931446;1,2317276;1,1997325;1,2370069;1,2143562;1,2101458;1,1823928;1,1587956;1,2256054;1,1911225;1,115338;1,1256388;1,1026137;1,1457381;1,0898316;1,1910324;1,1143412;1,1239552;1,1559294;1,1672541;1,2440302;1,2086777;1,2412656;1,2991775;1,2489121;1,2319533;1,1732818;1,1644659;1,1608032;1,0570124;1,0748345;1,0444841;1,0837414;1,0689279;1,0632657;1,0624491;1,0114538;1,0463756;0,5109041;0,2931935;0,1431411;0,1779558;0,2517745;0,5915339;0,5328986;0,6836679
;;;;;;;;;;;;;;;;;;;;;;;;;;;;;;;;;;;;;;;;;;;;;;;;;;;;;;;;;;;;;;;;;;;;;;;;;;;;;;;;;;;;;;;;;;;;;;;;;
NodeID;Quantity;0;1;2;3;4;5;6;7;8;9;10;11;12;13;14;15;16;17;18;19;20;21;22;23;;;;;;;;;;;;;;;;;;;;;;;;;;;;;;;;;;;;;;;;;;;;;;;;;;;;;;;;;;;;;;;;;;;;;;;;
6;P;0,601894925;0,543993125;0,516402575;0,604428375;0,48920545;0,4653797;0,5241618;0,632344475;0,784612525;0,7825605;0,846454775;0,8858562;0,84176525;0,7596002;0,7571553;0,66266515;0,66246725;0,681183425;0,721814275;0,734340075;0,79242385;0,875237175;0,750660875;0,7222931;;;;;;;;;;;;;;;;;;;;;;;;;;;;;;;;;;;;;;;;;;;;;;;;;;;;;;;;;;;;;;;;;;;;;;;;
6;Q;0,1805685;0,163197925;0,154920775;0,181328525;0,14676165;0,139613925;0,157248525;0,18970335;0,23538375;0,2347682;0,25393645;0,265756875;0,252529575;0,22788;0,227146575;0,198799525;0,198740175;0,204355;0,21654425;0,220302025;0,23772715;0,262571125;0,225198275;0,2166879;;;;;;;;;;;;;;;;;;;;;;;;;;;;;;;;;;;;;;;;;;;;;;;;;;;;;;;;;;;;;;;;;;;;;;;;
5;P;-1,900116525;-1,974134725;-2,1198043;-2,1198043;-2,1198043;-2,1198043;-1,929160675;-1,55775435;-1,315903;-1,14091195;-0,9153793;-1,0510898;-1,187643925;-1,46691895;-1,68407655;-1,7315076;-1,7315076;-1,7315076;-1,4840996;-1,3305208;-1,3305208;-1,3305208;-1,422909175;-1,781445625;;;;;;;;;;;;;;;;;;;;;;;;;;;;;;;;;;;;;;;;;;;;;;;;;;;;;;;;;;;;;;;;;;;;;;;;
5;Q;-0,57003495;-0,5922404;-0,6359413;-0,6359413;-0,6359413;-0,6359413;-0,5787482;-0,4673263;-0,3947709;-0,342273575;-0,2746138;-0,31532695;-0,3562932;-0,4400757;-0,505222975;-0,5194523;-0,5194523;-0,5194523;-0,445229875;-0,3991562;-0,3991562;-0,3991562;-0,426872725;-0,5344337;;;;;;;;;;;;;;;;;;;;;;;;;;;;;;;;;;;;;;;;;;;;;;;;;;;;;;;;;;;;;;;;;;;;;;;;
8;P;-0,019919075;-1,364562325;0,121413925;0,20283895;0,198256025;0,396675775;0,6703263;0,477689725;0,291768075;0,1740659;0,1740659;0,145165625;0,190702825;-0,25933195;0,488756625;0,27259545;0,25365325;0,16558325;0,024931525;-0,137209875;-0,2620094;-0,4733637;-0,45048505;-1,008905575;;;;;;;;;;;;;;;;;;;;;;;;;;;;;;;;;;;;;;;;;;;;;;;;;;;;;;;;;;;;;;;;;;;;;;;;
8;Q;-0,005975725;-0,4093687;0,036424175;0,060851675;0,059476775;0,119002725;0,2010979;0,14330695;0,087530425;0,0522198;0,0522198;0,0435497;0,057210875;-0,077799575;0,146626975;0,081778625;0,076095975;0,049674975;0,00747945;-0,04116295;-0,078602825;-0,1420091;-0,1351455;-0,302671675;;;;;;;;;;;;;;;;;;;;;;;;;;;;;;;;;;;;;;;;;;;;;;;;;;;;;;;;;;;;;;;;;;;;;;;;
9;P;1,9385109;1,7859375;1,7859375;1,7859375;1,640887875;1,3640625;1,475135975;1,7859375;2,13465415;2,3974099;2,6015626;2,959981325;2,999075725;2,6015626;2,2518371;2,19375;2,19375;2,19375;2,19375;2,19375;2,257812475;2,615625;2,615625;2,2896094;;;;;;;;;;;;;;;;;;;;;;;;;;;;;;;;;;;;;;;;;;;;;;;;;;;;;;;;;;;;;;;;;;;;;;;;
9;Q;0,196875;0,196875;0,196875;0,196875;0,196875;0,196875;0,196875;0,196875;0,196875;0,196875;0,196875;0,196875;0,196875;0,196875;0,196875;0,196875;0,196875;0,196875;0,196875;0,196875;0,196875;0,196875;0,196875;0,196875;;;;;;;;;;;;;;;;;;;;;;;;;;;;;;;;;;;;;;;;;;;;;;;;;;;;;;;;;;;;;;;;;;;;;;;;
2;P;1,71923325;1,52537005;1,4622058;1,3883659;1,37791385;1,319814575;1,46056615;1,838900025;2,266550425;2,5445087;2,676811275;2,774247225;2,621363275;2,2739499;2,101797475;1,976607475;1,93023345;1,98514055;2,1281972;2,1922173;2,4386604;2,649045475;2,445523025;1,941341075;;;;;;;;;;;;;;;;;;;;;;;;;;;;;;;;;;;;;;;;;;;;;;;;;;;;;;;;;;;;;;;;;;;;;;;;
2;Q;0,515769975;0,457610975;0,43866175;0,416509775;0,41337415;0,39594435;0,438169825;0,551670025;0,679965125;0,7633526;0,803043375;0,832274175;0,786408975;0,682184975;0,63053925;0,592982225;0,57907005;0,59554215;0,63845915;0,657665175;0,731598125;0,79471365;0,733656925;0,582402325;;;;;;;;;;;;;;;;;;;;;;;;;;;;;;;;;;;;;;;;;;;;;;;;;;;;;;;;;;;;;;;;;;;;;;;;
12;P;0,4208149;0,4277163;0,492407125;0,4548557;0,495084075;0,44688105;0,402872125;0,3704654;0,501535825;0,60989;0,668748675;0,6354685;0,59340055;0,462947825;0,4327038;0,4005584;0,4144154;0,42276505;0,483171975;0,575721725;0,697568275;0,855430375;0,748576825;0,48067915;;;;;;;;;;;;;;;;;;;;;;;;;;;;;;;;;;;;;;;;;;;;;;;;;;;;;;;;;;;;;;;;;;;;;;;;
12;Q;0,25248895;0,2566298;0,295444275;0,272913425;0,297050425;0,268128625;0,241723275;0,2222792;0,3009215;0,365934;0,40124925;0,381281125;0,356040325;0,2777687;0,259622275;0,24033505;0,24864925;0,25365905;0,2899032;0,34543305;0,418540975;0,51325825;0,4491461;0,2884075;;;;;;;;;;;;;;;;;;;;;;;;;;;;;;;;;;;;;;;;;;;;;;;;;;;;;;;;;;;;;;;;;;;;;;;;
16;P;0,4895337;0,4895337;0,4895337;0,4895337;0,4895337;0,4895337;0,4895337;0,5002945;0,7186543;0,7186543;0,7186543;0,7186543;0,7186543;0,7186543;0,5685165;0,4849482;0,4849482;0,4849482;0,571820625;0,7318267;0,7318267;0,7318267;0,731794425;0,4630577;;;;;;;;;;;;;;;;;;;;;;;;;;;;;;;;;;;;;;;;;;;;;;;;;;;;;;;;;;;;;;;;;;;;;;;;
16;Q;0,1468601;0,1468601;0,1468601;0,1468601;0,1468601;0,1468601;0,1468601;0,15008835;0,2155963;0,2155963;0,2155963;0,2155963;0,2155963;0,2155963;0,170554975;0,1454845;0,1454845;0,1454845;0,1715462;0,219548;0,219548;0,219548;0,219538325;0,1389173;;;;;;;;;;;;;;;;;;;;;;;;;;;;;;;;;;;;;;;;;;;;;;;;;;;;;;;;;;;;;;;;;;;;;;;;
21;P;0,659205875;0,593245525;0,5961349;0,586742875;0,5781732;0,54752625;0,5419844;0,597596875;0,741490725;0,823297025;0,857483175;0,95690115;0,9055414;0,857356575;0,777007825;0,740524825;0,7574965;0,71307015;0,746086;0,74797785;0,842993025;0,922364125;0,894787275;0,72153515;;;;;;;;;;;;;;;;;;;;;;;;;;;;;;;;;;;;;;;;;;;;;;;;;;;;;;;;;;;;;;;;;;;;;;;;
21;Q;0,659205875;0,593245525;0,5961349;0,586742875;0,5781732;0,54752625;0,5419844;0,597596875;0,741490725;0,823297025;0,857483175;0,95690115;0,9055414;0,857356575;0,777007825;0,740524825;0,7574965;0,71307015;0,746086;0,74797785;0,842993025;0,922364125;0,894787275;0,72153515;;;;;;;;;;;;;;;;;;;;;;;;;;;;;;;;;;;;;;;;;;;;;;;;;;;;;;;;;;;;;;;;;;;;;;;;
23;P;0,527364725;0,4745964;0,4769079;0,469394275;0,462538525;0,438020975;0,4335875;0,47807755;0,593192575;0,6586376;0,685986525;0,765520925;0,724433075;0,685885275;0,62160625;0,59241985;0,60599725;0,570456125;0,5968688;0,598382275;0,6743944;0,7378913;0,71582985;0,577228125;;;;;;;;;;;;;;;;;;;;;;;;;;;;;;;;;;;;;;;;;;;;;;;;;;;;;;;;;;;;;;;;;;;;;;;;
23;Q;-0,2042027;-0,203573275;-0,20548725;-0,201051825;-0,1916979;-0,1916979;-0,1916979;-0,21802815;-0,15936335;-0,156846825;-0,1573229;-0,1599332;-0,152797375;-0,120367625;-0,1143541;-0,1143541;-0,12431225;-0,15906965;-0,1745104;-0,1745104;-0,16068065;-0,118651;-0,13536025;-0,153026;;;;;;;;;;;;;;;;;;;;;;;;;;;;;;;;;;;;;;;;;;;;;;;;;;;;;;;;;;;;;;;;;;;;;;;;
24;P;0,527364725;0,4745964;0,4769079;0,469394275;0,462538525;0,438020975;0,4335875;0,47807755;0,593192575;0,6586376;0,685986525;0,765520925;0,724433075;0,685885275;0,62160625;0,59241985;0,60599725;0,570456125;0,5968688;0,598382275;0,6743944;0,7378913;0,71582985;0,577228125;;;;;;;;;;;;;;;;;;;;;;;;;;;;;;;;;;;;;;;;;;;;;;;;;;;;;;;;;;;;;;;;;;;;;;;;
24;Q;-0,2042027;-0,203573275;-0,20548725;-0,201051825;-0,1916979;-0,1916979;-0,1916979;-0,21802815;-0,15936335;-0,156846825;-0,1573229;-0,1599332;-0,152797375;-0,120367625;-0,1143541;-0,1143541;-0,12431225;-0,15906965;-0,1745104;-0,1745104;-0,16068065;-0,118651;-0,13536025;-0,153026;;;;;;;;;;;;;;;;;;;;;;;;;;;;;;;;;;;;;;;;;;;;;;;;;;;;;;;;;;;;;;;;;;;;;;;;
15;P;3,71199305;3,273677375;3,045793;3,02508675;2,84722495;2,547220725;2,92282705;3,33454485;3,709943425;3,94790055;4,43760085;4,823340675;4,731082775;4,2365895;4,381133125;3,93069665;3,99996555;3,827119225;4,0775361;4,23210615;4,6377725;4,8884273;4,6974212;4,27128835;;;;;;;;;;;;;;;;;;;;;;;;;;;;;;;;;;;;;;;;;;;;;;;;;;;;;;;;;;;;;;;;;;;;;;;;
15;Q;1,140109325;1,12812485;1,0101577;0,997797125;0,967299925;0,761421725;0,763780925;0,717410525;0,846953025;0,938655875;1,02340655;1,156172075;1,1211673;1,045253625;1,10551035;1,110465225;1,11962025;1,0684331;1,103548;1,1028076;1,15014275;1,205626175;1,22293655;1,1295672;;;;;;;;;;;;;;;;;;;;;;;;;;;;;;;;;;;;;;;;;;;;;;;;;;;;;;;;;;;;;;;;;;;;;;;;
17;P;3,14194295;2,7998939;2,583967475;2,5101563;2,5101563;2,359142575;2,529224225;2,734419225;3,212938675;3,61273155;3,943873225;4,30967645;4,313956325;3,900181175;3,5655544;3,3802222;3,2498998;3,30578495;3,269594625;3,383021025;3,638607225;4,065908225;3,986471875;3,4424788;;;;;;;;;;;;;;;;;;;;;;;;;;;;;;;;;;;;;;;;;;;;;;;;;;;;;;;;;;;;;;;;;;;;;;;;
17;Q;0,6321533;0,6321533;0,563100525;0,429099875;0,4245117;0,276966325;0,22146405;0,21142095;0,36293665;0,3968262;0,405015675;0,533067275;0,53511415;0,423785275;0,4152832;0,4152832;0,4152832;0,4152832;0,4152832;0,4152832;0,49355845;0,5813965;0,5813965;0,576525625;;;;;;;;;;;;;;;;;;;;;;;;;;;;;;;;;;;;;;;;;;;;;;;;;;;;;;;;;;;;;;;;;;;;;;;;
19;P;3,55221605;3,68088565;3,77835035;3,79440175;3,837693225;3,7831935;3,8853285;3,634004675;3,6836752;3,71506675;3,949407425;3,900296775;4,10268465;4,0510345;3,9649303;3,741107225;3,765967025;3,9799094;4,184423775;3,7963028;3,55998995;3,486286825;0,937662075;1,71656245;;;;;;;;;;;;;;;;;;;;;;;;;;;;;;;;;;;;;;;;;;;;;;;;;;;;;;;;;;;;;;;;;;;;;;;;
19;Q;1,065664825;1,1042657;1,1335051;1,138320525;1,151307975;1,13495805;1,165598525;1,090201425;1,10510255;1,114520025;1,184822225;1,170089025;1,2308054;1,21531035;1,189479075;1,12233215;1,1297901;1,19397285;1,255327125;1,138890825;1,067996975;1,04588605;0,281298625;0,514968725;;;;;;;;;;;;;;;;;;;;;;;;;;;;;;;;;;;;;;;;;;;;;;;;;;;;;;;;;;;;;;;;;;;;;;;;
